"Component","Version","Latest version","CVE","Matching type","CVSS","CVE publication date","Object compilation date","Object","Object full path","Object SHA1"
"openssl","1.0.2g","1.0.2l","CVE-2016-2109","Exact match","7.8","2016-05-05T01:59:05Z","2016-12-21T18:30:22Z","libeay32.dll","libeay32.dll","4c9b47b2e2ac560fe83cedb9d0d4dad9d2443bbf"
"openssl","1.0.2g","1.0.2l","CVE-2016-6303","Exact match","7.5","2016-09-16T05:59:13Z","2016-12-21T18:30:22Z","libeay32.dll","libeay32.dll","4c9b47b2e2ac560fe83cedb9d0d4dad9d2443bbf"
"openssl","1.0.2g","1.0.2l","CVE-2016-2182","Exact match","7.5","2016-09-16T05:59:02Z","2016-12-21T18:30:22Z","libeay32.dll","libeay32.dll","4c9b47b2e2ac560fe83cedb9d0d4dad9d2443bbf"
"openssl","1.0.2g","1.0.2l","CVE-2016-2177","Exact match","7.5","2016-06-20T01:59:02Z","2016-12-21T18:30:22Z","libeay32.dll","libeay32.dll","4c9b47b2e2ac560fe83cedb9d0d4dad9d2443bbf"
"openssl","1.0.2g","1.0.2l","CVE-2016-2176","Exact match","6.4","2016-05-05T01:59:06Z","2016-12-21T18:30:22Z","libeay32.dll","libeay32.dll","4c9b47b2e2ac560fe83cedb9d0d4dad9d2443bbf"
"openssl","1.0.2g","1.0.2l","CVE-2016-6302","Exact match","5.0","2016-09-16T05:59:12Z","2016-12-21T18:30:22Z","libeay32.dll","libeay32.dll","4c9b47b2e2ac560fe83cedb9d0d4dad9d2443bbf"
"openssl","1.0.2g","1.0.2l","CVE-2016-2181","Exact match","5.0","2016-09-16T05:59:01Z","2016-12-21T18:30:22Z","libeay32.dll","libeay32.dll","4c9b47b2e2ac560fe83cedb9d0d4dad9d2443bbf"
"openssl","1.0.2g","1.0.2l","CVE-2016-2180","Exact match","5.0","2016-08-01T02:59:11Z","2016-12-21T18:30:22Z","libeay32.dll","libeay32.dll","4c9b47b2e2ac560fe83cedb9d0d4dad9d2443bbf"
"openssl","1.0.2g","1.0.2l","CVE-2016-2179","Exact match","5.0","2016-09-16T05:59:00Z","2016-12-21T18:30:22Z","libeay32.dll","libeay32.dll","4c9b47b2e2ac560fe83cedb9d0d4dad9d2443bbf"
"openssl","1.0.2g","1.0.2l","CVE-2016-2106","Exact match","5.0","2016-05-05T01:59:02Z","2016-12-21T18:30:22Z","libeay32.dll","libeay32.dll","4c9b47b2e2ac560fe83cedb9d0d4dad9d2443bbf"
"openssl","1.0.2g","1.0.2l","CVE-2016-2105","Exact match","5.0","2016-05-05T01:59:01Z","2016-12-21T18:30:22Z","libeay32.dll","libeay32.dll","4c9b47b2e2ac560fe83cedb9d0d4dad9d2443bbf"
"openssl","1.0.2g","1.0.2l","CVE-2016-2107","Exact match","2.6","2016-05-05T01:59:03Z","2016-12-21T18:30:22Z","libeay32.dll","libeay32.dll","4c9b47b2e2ac560fe83cedb9d0d4dad9d2443bbf"
"openssl","1.0.2g","1.0.2l","CVE-2016-2178","Exact match","2.1","2016-06-20T01:59:03Z","2016-12-21T18:30:22Z","libeay32.dll","libeay32.dll","4c9b47b2e2ac560fe83cedb9d0d4dad9d2443bbf"
